{"timestamp": "20260323_203822_385", "sample_count": 240, "time_per_div_ms": 10, "volts_per_div": 5.0, "acquisition_time_ms": 100, "mode": "TIME+FFT", "statistics": {"vmax": 4.998188053899998, "vmin": -4.999515461099999, "vavg": 0.00014256281250088859, "vrms": 2.8920908868209616, "vpp": 9.997703514999998}, "peak_frequency_hz": 50.0, "peak_magnitude_v": 4.059082261540342, "capture_csv": "output/captures/capture_20260323_203822_385.csv", "spectrum_csv": "output/spectra/spectrum_20260323_203822_385.csv"}