{"timestamp": "20260323_203807_463", "sample_count": 240, "time_per_div_ms": 10, "volts_per_div": 5.0, "acquisition_time_ms": 100, "mode": "TIME+FFT", "statistics": {"vmax": 4.998188053899998, "vmin": -4.999515461099999, "vavg": -0.0003949481291668865, "vrms": 3.5363409928637726, "vpp": 9.997703514999998}, "peak_frequency_hz": 50.0, "peak_magnitude_v": 5.001138894660894, "capture_csv": "output/captures/capture_20260323_203807_463.csv", "spectrum_csv": "output/spectra/spectrum_20260323_203807_463.csv"}