{"timestamp": "20260323_203330_127", "sample_count": 240, "time_per_div_ms": 10, "volts_per_div": 5.0, "acquisition_time_ms": 100, "statistics": {"vmax": 4.998188053899998, "vmin": -4.999515461099999, "vavg": -0.0003949481291668865, "vrms": 3.5363409928637726}, "capture_csv": "output/captures/capture_20260323_203330_127.csv", "spectrum_csv": "output/spectra/spectrum_20260323_203330_127.csv"}