{"timestamp": "20260323_203240_727", "sample_count": 240, "time_per_div_ms": 10, "volts_per_div": 5.0, "acquisition_time_ms": 100, "statistics": {"vmax": 2.0053271307, "vmin": -1.9937542752999973, "vavg": 8.881171833395688e-05, "vrms": 1.4142264538381855}, "capture_csv": "output/captures/capture_20260323_203240_727.csv", "spectrum_csv": "output/spectra/spectrum_20260323_203240_727.csv"}