indice,b_iir,a_iir
0,0.032903631958,1.000000000000
1,0.000000000000,-1.417343693899
2,-0.032903631958,0.934192736083
